,검색일자,국가,대륙,총검색량
0,2019-07,대만,아시아,223094
1,2019-07,라오스,아시아,3911
2,2019-07,러시아,아시아,162850
3,2019-07,몽골,아시아,66430
4,2019-07,미국,오세아니아,53503
5,2019-07,베트남,아시아,164784
6,2019-07,스위스,유럽,8290
7,2019-07,싱가포르,아시아,174901
8,2019-07,인도네시아,아시아,14312
9,2019-07,일본,아시아,632142
10,2019-07,조지아,유럽,18070
11,2019-07,중국,아시아,152340
12,2019-07,태국,아시아,89701
13,2019-07,필리핀,아시아,4357
14,2019-08,대만,아시아,219715
15,2019-08,러시아,아시아,130642
16,2019-08,러시아,유럽,26733
17,2019-08,몽골,아시아,55399
18,2019-08,미국,아메리카,5713
19,2019-08,미국,오세아니아,58356
20,2019-08,베트남,아시아,179302
21,2019-08,스페인,유럽,8012
22,2019-08,싱가포르,아시아,134112
23,2019-08,인도네시아,아시아,32079
24,2019-08,일본,아시아,246879
25,2019-08,조지아,유럽,13432
26,2019-08,중국,아시아,130003
27,2019-08,태국,아시아,94370
28,2019-09,대만,아시아,208974
29,2019-09,라오스,아시아,1747
30,2019-09,러시아,아시아,94639
31,2019-09,미국,오세아니아,48857
32,2019-09,베트남,아시아,151094
33,2019-09,스페인,유럽,15532
34,2019-09,싱가포르,아시아,107577
35,2019-09,인도네시아,아시아,41597
36,2019-09,일본,아시아,126071
37,2019-09,조지아,유럽,30319
38,2019-09,중국,아시아,80838
39,2019-09,태국,아시아,86854
40,2019-09,터키,유럽,27664
41,2019-09,피지,오세아니아,311329
42,2019-10,대만,아시아,247156
43,2019-10,러시아,아시아,91998
44,2019-10,미국,오세아니아,74988
45,2019-10,베트남,아시아,207025
46,2019-10,스페인,유럽,67426
47,2019-10,싱가포르,아시아,118696
48,2019-10,이탈리아,유럽,5143
49,2019-10,인도네시아,아시아,15442
50,2019-10,일본,아시아,111370
51,2019-10,중국,아시아,77196
52,2019-10,태국,아시아,91222
53,2019-10,터키,유럽,29308
54,2019-10,피지,오세아니아,12836
55,2019-11,대만,아시아,293831
56,2019-11,라오스,아시아,13679
57,2019-11,러시아,아시아,94595
58,2019-11,미국,아메리카,3117
59,2019-11,미국,오세아니아,90343
60,2019-11,베트남,아시아,273681
61,2019-11,스위스,유럽,2191
62,2019-11,스페인,유럽,56812
63,2019-11,싱가포르,아시아,126241
64,2019-11,인도네시아,아시아,17890
65,2019-11,일본,아시아,125191
66,2019-11,조지아,유럽,5383
67,2019-11,중국,아시아,82605
68,2019-11,태국,아시아,99684
69,2019-11,포르투갈,유럽,1549
70,2019-12,뉴질랜드,오세아니아,11538
71,2019-12,대만,아시아,338734
72,2019-12,러시아,아시아,64452
73,2019-12,몰타,유럽,2828
74,2019-12,미국,아메리카,1914
75,2019-12,미국,오세아니아,106532
76,2019-12,베트남,아시아,300517
77,2019-12,스위스,유럽,3192
78,2019-12,스페인,유럽,13935
79,2019-12,싱가포르,아시아,107797
80,2019-12,아랍에미리트,아시아,16689
81,2019-12,일본,아시아,226369
82,2019-12,중국,아시아,74097
83,2019-12,태국,아시아,83598
84,2019-12,포르투갈,유럽,1900
85,2020-01,대만,아시아,331536
86,2020-01,라오스,아시아,13959
87,2020-01,러시아,아시아,123118
88,2020-01,미국,오세아니아,112186
89,2020-01,베트남,아시아,292153
90,2020-01,스위스,유럽,16688
91,2020-01,스페인,유럽,64611
92,2020-01,싱가포르,아시아,129640
93,2020-01,아랍에미리트,아시아,11663
94,2020-01,일본,아시아,254058
95,2020-01,중국,아시아,50276
96,2020-01,태국,아시아,121783
97,2020-01,필리핀,아시아,4565
98,2020-02,뉴질랜드,오세아니아,11239
99,2020-02,대만,아시아,69592
100,2020-02,러시아,아시아,25420
101,2020-02,몰타,유럽,1338
102,2020-02,미국,아메리카,4574
103,2020-02,미국,오세아니아,74396
104,2020-02,베트남,아시아,84401
105,2020-02,스위스,유럽,103620
106,2020-02,스페인,유럽,60251
107,2020-02,싱가포르,아시아,22060
108,2020-02,아르헨티나,아메리카,17925
109,2020-02,이스라엘,아시아,2019
110,2020-02,이탈리아,유럽,7929
111,2020-02,인도네시아,아시아,32703
112,2020-02,일본,아시아,84697
113,2020-02,중국,아시아,6414
114,2020-02,태국,아시아,38234
115,2020-02,터키,유럽,11057
116,2020-02,팔라우,오세아니아,32473
117,2020-03,뉴질랜드,오세아니아,1679
118,2020-03,대만,아시아,15837
119,2020-03,라오스,아시아,1151
120,2020-03,러시아,아시아,2399
121,2020-03,모로코,아프리카,632
122,2020-03,몰타,유럽,7635
123,2020-03,몽골,아시아,3440
124,2020-03,미국,아메리카,22965
125,2020-03,미국,오세아니아,29649
126,2020-03,베트남,아시아,13278
127,2020-03,벨기에,유럽,665
128,2020-03,스위스,유럽,33066
129,2020-03,스페인,유럽,17923
130,2020-03,아랍에미리트,아시아,1716
131,2020-03,아르헨티나,아메리카,25590
132,2020-03,이집트,아프리카,2004
133,2020-03,이탈리아,유럽,14557
134,2020-03,인도네시아,아시아,26728
135,2020-03,일본,아시아,40700
136,2020-03,중국,아시아,338
137,2020-03,캐나다,아메리카,1374
138,2020-03,태국,아시아,8396
139,2020-03,터키,유럽,2504
140,2020-04,대만,아시아,17233
141,2020-04,라오스,아시아,6648
142,2020-04,러시아,아시아,764
143,2020-04,몽골,아시아,3818
144,2020-04,미국,아메리카,14310
145,2020-04,미국,오세아니아,11874
146,2020-04,베트남,아시아,15580
147,2020-04,스위스,유럽,16580
148,2020-04,스페인,유럽,722
149,2020-04,아르헨티나,아메리카,4912
150,2020-04,인도네시아,아시아,15614
151,2020-04,일본,아시아,28248
152,2020-04,조지아,유럽,872
153,2020-04,중국,아시아,3423
154,2020-04,태국,아시아,11744
155,2020-04,피지,오세아니아,687
156,2020-05,대만,아시아,19969
157,2020-05,라오스,아시아,1365
158,2020-05,러시아,아시아,557
159,2020-05,러시아,유럽,395
160,2020-05,몽골,아시아,2460
161,2020-05,미국,아메리카,16254
162,2020-05,미국,오세아니아,13050
163,2020-05,베트남,아시아,25600
164,2020-05,스위스,유럽,15250
165,2020-05,스페인,유럽,342
166,2020-05,아랍에미리트,아시아,1677
167,2020-05,이탈리아,유럽,5582
168,2020-05,인도네시아,아시아,22894
169,2020-05,일본,아시아,36319
170,2020-05,중국,아시아,1094
171,2020-05,태국,아시아,39352
172,2020-05,팔라우,오세아니아,545
173,2020-06,그리스,유럽,808
174,2020-06,뉴질랜드,오세아니아,4783
175,2020-06,대만,아시아,21661
176,2020-06,몽골,아시아,320
177,2020-06,미국,아메리카,20872
178,2020-06,미국,오세아니아,18916
179,2020-06,베트남,아시아,22085
180,2020-06,스위스,유럽,14428
181,2020-06,스페인,유럽,275
182,2020-06,이탈리아,유럽,2626
183,2020-06,인도,아시아,572
184,2020-06,인도네시아,아시아,21213
185,2020-06,일본,아시아,42506
186,2020-06,중국,아시아,2141
187,2020-06,탄자니아,아프리카,666
188,2020-06,태국,아시아,23825
189,2020-06,터키,유럽,1386
190,2020-06,프랑스,유럽,479
191,2020-07,그리스,유럽,301
192,2020-07,뉴질랜드,오세아니아,452
193,2020-07,대만,아시아,25089
194,2020-07,라오스,아시아,1815
195,2020-07,러시아,아시아,332
196,2020-07,몽골,아시아,2493
197,2020-07,미국,아메리카,20702
198,2020-07,미국,오세아니아,13850
199,2020-07,베트남,아시아,21848
200,2020-07,스위스,유럽,16246
201,2020-07,이탈리아,유럽,2087
202,2020-07,인도네시아,아시아,13164
203,2020-07,일본,아시아,45333
204,2020-07,조지아,유럽,570
205,2020-07,중국,아시아,7757
206,2020-07,체코,유럽,466
207,2020-07,태국,아시아,16942
208,2020-07,터키,유럽,400
209,2020-07,팔라우,오세아니아,2929
210,2020-07,프랑스,유럽,387
211,2020-08,대만,아시아,18577
212,2020-08,러시아,아시아,403
213,2020-08,러시아,유럽,235
214,2020-08,몽골,아시아,857
215,2020-08,미국,아메리카,25151
216,2020-08,미국,오세아니아,10260
217,2020-08,베트남,아시아,16222
218,2020-08,스위스,유럽,13659
219,2020-08,오스트리아,유럽,425
220,2020-08,인도네시아,아시아,12853
221,2020-08,일본,아시아,33456
222,2020-08,조지아,유럽,1092
223,2020-08,중국,아시아,5259
224,2020-08,태국,아시아,11899
225,2020-08,터키,유럽,914
226,2020-08,팔라우,오세아니아,7174
227,2020-08,프랑스,오세아니아,331
228,2020-09,대만,아시아,17003
229,2020-09,러시아,아시아,260
230,2020-09,러시아,유럽,280
231,2020-09,몽골,아시아,318
232,2020-09,미국,아메리카,22895
233,2020-09,미국,오세아니아,5071
234,2020-09,베트남,아시아,15460
235,2020-09,스위스,유럽,15224
236,2020-09,스페인,유럽,1844
237,2020-09,아르헨티나,아메리카,292
238,2020-09,영국여행,유럽,1006
239,2020-09,이탈리아,유럽,279
240,2020-09,인도,아시아,1245
241,2020-09,인도네시아,아시아,4292
242,2020-09,일본,아시아,35946
243,2020-09,조지아,유럽,215
244,2020-09,중국,아시아,11199
245,2020-09,캐나다,아메리카,256
246,2020-09,태국,아시아,12018
247,2020-09,터키,유럽,913
248,2020-09,팔라우,오세아니아,549
249,2020-09,프랑스,유럽,991
250,2020-10,뉴질랜드,오세아니아,277
251,2020-10,대만,아시아,17732
252,2020-10,몽골,아시아,995
253,2020-10,미국,아메리카,24871
254,2020-10,미국,오세아니아,5499
255,2020-10,베트남,아시아,16234
256,2020-10,스위스,유럽,12852
257,2020-10,스페인,유럽,1585
258,2020-10,이탈리아,유럽,257
259,2020-10,인도,아시아,561
260,2020-10,인도네시아,아시아,4656
261,2020-10,일본,아시아,49947
262,2020-10,중국,아시아,11483
263,2020-10,캐나다,아메리카,1427
264,2020-10,태국,아시아,12394
265,2020-10,터키,유럽,312
266,2020-10,팔라우,오세아니아,518
267,2020-10,필리핀,아시아,255
268,2020-10,호주,오세아니아,1082
269,2020-11,그리스,유럽,388
270,2020-11,뉴질랜드,오세아니아,971
271,2020-11,대만,아시아,14277
272,2020-11,라오스,아시아,550
273,2020-11,러시아,아시아,1243
274,2020-11,러시아,유럽,180
275,2020-11,몰타,유럽,7911
276,2020-11,몽골,아시아,232
277,2020-11,미국,아메리카,26302
278,2020-11,미국,오세아니아,757
279,2020-11,베트남,아시아,14438
280,2020-11,스위스,유럽,10841
281,2020-11,아랍에미리트,아시아,469
282,2020-11,인도,아시아,645
283,2020-11,인도네시아,아시아,2098
284,2020-11,일본,아시아,42619
285,2020-11,중국,아시아,11043
286,2020-11,캐나다,아메리카,5672
287,2020-11,태국,아시아,10490
288,2020-11,터키,유럽,1448
289,2020-11,팔라우,오세아니아,581
290,2020-11,프랑스,유럽,209
291,2020-12,뉴질랜드,오세아니아,632
292,2020-12,대만,아시아,12152
293,2020-12,러시아,아시아,654
294,2020-12,러시아,유럽,539
295,2020-12,모로코,아프리카,852
296,2020-12,몰타,유럽,243
297,2020-12,미국,아메리카,18002
298,2020-12,미국,오세아니아,1870
299,2020-12,베트남,아시아,10218
300,2020-12,볼리비아,아프리카,233
301,2020-12,스위스,유럽,11661
302,2020-12,오스트리아,유럽,215
303,2020-12,이집트,아프리카,2130
304,2020-12,이탈리아,유럽,254
305,2020-12,인도,아시아,408
306,2020-12,인도네시아,아시아,417
307,2020-12,일본,아시아,26785
308,2020-12,중국,아시아,6497
309,2020-12,캐나다,아메리카,2337
310,2020-12,태국,아시아,9143
311,2020-12,터키,유럽,4330
312,2020-12,프랑스,유럽,237
313,2021-01,뉴질랜드,오세아니아,2084
314,2021-01,대만,아시아,12396
315,2021-01,라오스,아시아,873
316,2021-01,말레이시아,아시아,282
317,2021-01,몽골,아시아,2183
318,2021-01,미국,아메리카,19071
319,2021-01,미국,오세아니아,3849
320,2021-01,베트남,아시아,16067
321,2021-01,스위스,유럽,11747
322,2021-01,아랍에미리트,아시아,2948
323,2021-01,인도네시아,아시아,3333
324,2021-01,일본,아시아,27536
325,2021-01,조지아,유럽,966
326,2021-01,중국,아시아,3774
327,2021-01,캐나다,아메리카,1800
328,2021-01,콜롬비아,아메리카,599
329,2021-01,태국,아시아,9429
330,2021-01,터키,유럽,1420
331,2021-01,팔라우,오세아니아,2099
332,2021-02,뉴질랜드,오세아니아,191
333,2021-02,대만,아시아,10979
334,2021-02,러시아,아시아,484
335,2021-02,러시아,유럽,212
336,2021-02,몰타,유럽,865
337,2021-02,몽골,아시아,438
338,2021-02,미국,아메리카,20773
339,2021-02,미국,오세아니아,3395
340,2021-02,베트남,아시아,13629
341,2021-02,스위스,유럽,9206
342,2021-02,스페인,유럽,687
343,2021-02,아랍에미리트,아시아,3885
344,2021-02,영국,유럽,23
345,2021-02,영국여행,유럽,337
346,2021-02,이집트,아프리카,1952
347,2021-02,이탈리아,유럽,1823
348,2021-02,인도네시아,아시아,883
349,2021-02,일본,아시아,27094
350,2021-02,조지아,유럽,3233
351,2021-02,중국,아시아,1688
352,2021-02,캐나다,아메리카,518
353,2021-02,케냐,아프리카,497
354,2021-02,태국,아시아,8560
355,2021-02,터키,유럽,2620
356,2021-02,팔라우,오세아니아,531
357,2021-02,프랑스,유럽,198
358,2021-02,필리핀,아시아,325
359,2021-03,대만,아시아,15329
360,2021-03,라오스,아시아,255
361,2021-03,러시아,아시아,1181
362,2021-03,몽골,아시아,561
363,2021-03,미국,아메리카,22809
364,2021-03,미국,오세아니아,5079
365,2021-03,베트남,아시아,18277
366,2021-03,스위스,유럽,10855
367,2021-03,스페인,유럽,2390
368,2021-03,싱가포르,아시아,936
369,2021-03,아랍에미리트,아시아,602
370,2021-03,이집트,아프리카,329
371,2021-03,인도네시아,아시아,214
372,2021-03,일본,아시아,34642
373,2021-03,조지아,유럽,1017
374,2021-03,중국,아시아,6584
375,2021-03,캐나다,아메리카,234
376,2021-03,태국,아시아,13609
377,2021-03,터키,유럽,6093
378,2021-03,팔라우,오세아니아,2187
379,2021-04,그리스,유럽,1370
380,2021-04,대만,아시아,12932
381,2021-04,몰타,유럽,497
382,2021-04,미국,아메리카,24554
383,2021-04,미국,오세아니아,5310
384,2021-04,베트남,아시아,16347
385,2021-04,스위스,유럽,7502
386,2021-04,스페인,유럽,1836
387,2021-04,싱가포르,아시아,204
388,2021-04,아랍에미리트,아시아,233
389,2021-04,영국여행,유럽,257
390,2021-04,이스라엘,아시아,2528
391,2021-04,이탈리아,유럽,2046
392,2021-04,인도,아시아,2128
393,2021-04,인도네시아,아시아,556
394,2021-04,일본,아시아,29393
395,2021-04,중국,아시아,5568
396,2021-04,캐나다,아메리카,510
397,2021-04,쿠바,아메리카,1261
398,2021-04,태국,아시아,13405
399,2021-04,터키,유럽,3221
400,2021-05,그리스,유럽,516
401,2021-05,뉴질랜드,오세아니아,351
402,2021-05,대만,아시아,12010
403,2021-05,러시아,아시아,337
404,2021-05,몰타,유럽,1178
405,2021-05,몽골,아시아,299
406,2021-05,미국,아메리카,30446
407,2021-05,미국,오세아니아,12977
408,2021-05,베트남,아시아,14888
409,2021-05,스위스,유럽,8707
410,2021-05,스페인,유럽,3916
411,2021-05,싱가포르,아시아,3536
412,2021-05,이스라엘,아시아,2004
413,2021-05,이탈리아,유럽,244
414,2021-05,인도,아시아,1543
415,2021-05,일본,아시아,33638
416,2021-05,조지아,유럽,692
417,2021-05,중국,아시아,5273
418,2021-05,캐나다,아메리카,344
419,2021-05,태국,아시아,13469
420,2021-05,터키,유럽,3419
421,2021-05,프랑스,유럽,685
422,2021-06,대만,아시아,11156
423,2021-06,몰타,유럽,925
424,2021-06,몽골,아시아,1204
425,2021-06,미국,아메리카,35627
426,2021-06,미국,오세아니아,31508
427,2021-06,베트남,아시아,15509
428,2021-06,스위스,유럽,10370
429,2021-06,스페인,유럽,9251
430,2021-06,싱가포르,아시아,13605
431,2021-06,인도,아시아,481
432,2021-06,인도네시아,아시아,1823
433,2021-06,일본,아시아,39735
434,2021-06,조지아,유럽,2351
435,2021-06,태국,아시아,21267
436,2021-06,터키,유럽,8296
437,2021-06,프랑스,유럽,6085
438,2021-06,필리핀,아시아,745
439,2021-07,그리스,유럽,630
440,2021-07,뉴질랜드,오세아니아,247
441,2021-07,대만,아시아,10026
442,2021-07,라오스,아시아,335
443,2021-07,몰타,유럽,830
444,2021-07,몽골,아시아,1222
445,2021-07,미국,아메리카,30862
446,2021-07,미국,오세아니아,23441
447,2021-07,베트남,아시아,9185
448,2021-07,스위스,유럽,5987
449,2021-07,스페인,유럽,1328
450,2021-07,에스토니아,유럽,3989
451,2021-07,이스라엘,아시아,1665
452,2021-07,이탈리아,유럽,281
453,2021-07,인도네시아,아시아,4277
454,2021-07,일본,아시아,29644
455,2021-07,조지아,유럽,3904
456,2021-07,중국,아시아,1022
457,2021-07,체코,유럽,665
458,2021-07,케냐,아프리카,494
459,2021-07,쿠바,아메리카,534
460,2021-07,태국,아시아,13393
461,2021-07,터키,유럽,2632
462,2021-07,팔라우,오세아니아,6118
463,2021-07,필리핀,아시아,1943
464,2021-08,그리스,유럽,1823
465,2021-08,대만,아시아,11075
466,2021-08,모로코,아프리카,7249
467,2021-08,몽골,아시아,285
468,2021-08,미국,아메리카,40314
469,2021-08,미국,오세아니아,36947
470,2021-08,베트남,아시아,4647
471,2021-08,브라질,아메리카,299
472,2021-08,스위스,유럽,13636
473,2021-08,스페인,유럽,1511
474,2021-08,아랍에미리트,아시아,436
475,2021-08,이스라엘,아시아,467
476,2021-08,이탈리아,유럽,708
477,2021-08,인도네시아,아시아,1385
478,2021-08,일본,아시아,35087
479,2021-08,조지아,유럽,344
480,2021-08,중국,아시아,697
481,2021-08,캐나다,아메리카,291
482,2021-08,케냐,아프리카,584
483,2021-08,쿠바,아메리카,1159
484,2021-08,태국,아시아,13408
485,2021-08,터키,유럽,10401
486,2021-08,프랑스,유럽,1534
487,2021-09,대만,아시아,16048
488,2021-09,몰타,유럽,3985
489,2021-09,미국,아메리카,52461
490,2021-09,미국,오세아니아,87388
491,2021-09,베트남,아시아,6580
492,2021-09,스위스,유럽,11859
493,2021-09,스페인,유럽,14097
494,2021-09,아랍에미리트,아시아,405
495,2021-09,오스트리아,유럽,879
496,2021-09,이탈리아,유럽,3066
497,2021-09,인도네시아,아시아,11623
498,2021-09,일본,아시아,55310
499,2021-09,조지아,유럽,445
500,2021-09,태국,아시아,24830
501,2021-09,터키,유럽,1343
502,2021-09,팔라우,오세아니아,595
503,2021-09,프랑스,유럽,869
504,2021-10,대만,아시아,11740
505,2021-10,미국,아메리카,68851
506,2021-10,미국,오세아니아,111134
507,2021-10,베트남,아시아,26970
508,2021-10,스위스,유럽,7915
509,2021-10,스페인,유럽,31013
510,2021-10,싱가포르,아시아,55628
511,2021-10,인도네시아,아시아,12023
512,2021-10,일본,아시아,125880
513,2021-10,태국,아시아,70629
514,2021-10,터키,유럽,19809
515,2021-11,대만,아시아,12849
516,2021-11,미국,아메리카,66383
517,2021-11,미국,오세아니아,74943
518,2021-11,베트남,아시아,41919
519,2021-11,스위스,유럽,16298
520,2021-11,스페인,유럽,31660
521,2021-11,싱가포르,아시아,48614
522,2021-11,일본,아시아,167214
523,2021-11,태국,아시아,74944
524,2021-11,터키,유럽,47268
525,2021-11,프랑스,유럽,692
526,2021-11,호주,오세아니아,896
527,2021-12,대만,아시아,8431
528,2021-12,러시아,아시아,494
529,2021-12,미국,아메리카,42472
530,2021-12,미국,오세아니아,17681
531,2021-12,베트남,아시아,26287
532,2021-12,스위스,유럽,8235
533,2021-12,스페인,유럽,10849
534,2021-12,싱가포르,아시아,29152
535,2021-12,아랍에미리트,아시아,2883
536,2021-12,일본,아시아,78943
537,2021-12,태국,아시아,34793
538,2021-12,터키,유럽,28020
539,2021-12,프랑스,유럽,4452
540,2021-12,호주,오세아니아,1505
541,2022-01,대만,아시아,2310
542,2022-01,라오스,아시아,1154
543,2022-01,미국,아메리카,30981
544,2022-01,미국,오세아니아,34957
545,2022-01,베트남,아시아,24385
546,2022-01,스위스,유럽,14090
547,2022-01,스페인,유럽,4367
548,2022-01,싱가포르,아시아,22806
549,2022-01,아랍에미리트,아시아,18765
550,2022-01,일본,아시아,77671
551,2022-01,태국,아시아,26292
552,2022-01,터키,유럽,24297
553,2022-01,필리핀,아시아,1634
554,2022-02,대만,아시아,3418
555,2022-02,라오스,아시아,1077
556,2022-02,러시아,유럽,3041
557,2022-02,미국,아메리카,27972
558,2022-02,미국,오세아니아,44142
559,2022-02,베트남,아시아,33872
560,2022-02,스위스,유럽,16288
561,2022-02,스페인,유럽,6406
562,2022-02,싱가포르,아시아,25102
563,2022-02,아랍에미리트,아시아,6682
564,2022-02,이탈리아,유럽,2778
565,2022-02,일본,아시아,84590
566,2022-02,조지아,유럽,3265
567,2022-02,태국,아시아,30648
568,2022-02,터키,유럽,21915
569,2022-02,팔라우,오세아니아,1417
570,2022-02,필리핀,아시아,7502
571,2022-02,호주,오세아니아,692
572,2022-03,대만,아시아,8368
573,2022-03,미국,아메리카,65300
574,2022-03,미국,오세아니아,107574
575,2022-03,베트남,아시아,77540
576,2022-03,스위스,유럽,22995
577,2022-03,스페인,유럽,6552
578,2022-03,싱가포르,아시아,49605
579,2022-03,아랍에미리트,아시아,1791
580,2022-03,인도네시아,아시아,33876
581,2022-03,일본,아시아,208850
582,2022-03,태국,아시아,60923
583,2022-03,터키,유럽,39601
584,2022-04,대만,아시아,34339
585,2022-04,미국,아메리카,82919
586,2022-04,미국,오세아니아,107937
587,2022-04,베트남,아시아,104159
588,2022-04,스위스,유럽,36212
589,2022-04,스페인,유럽,15069
590,2022-04,싱가포르,아시아,77280
591,2022-04,인도네시아,아시아,57430
592,2022-04,일본,아시아,342934
593,2022-04,태국,아시아,87069
594,2022-04,터키,유럽,63822
595,2022-05,대만,아시아,70429
596,2022-05,라오스,아시아,2075
597,2022-05,몰타,유럽,3703
598,2022-05,몽골,아시아,1806
599,2022-05,미국,아메리카,77417
600,2022-05,미국,오세아니아,109450
601,2022-05,베트남,아시아,150068
602,2022-05,볼리비아,아프리카,6159
603,2022-05,스위스,유럽,29783
604,2022-05,스페인,유럽,3195
605,2022-05,싱가포르,아시아,110381
606,2022-05,아랍에미리트,아시아,4988
607,2022-05,이탈리아,유럽,3627
608,2022-05,인도네시아,아시아,60966
609,2022-05,일본,아시아,733805
610,2022-05,중국,아시아,695
611,2022-05,태국,아시아,113714
612,2022-05,터키,유럽,87102
613,2022-05,필리핀,아시아,5736
614,2022-06,대만,아시아,82936
615,2022-06,몽골,아시아,3834
616,2022-06,미국,아메리카,72476
617,2022-06,미국,오세아니아,138007
618,2022-06,베트남,아시아,196435
619,2022-06,스위스,유럽,7524
620,2022-06,싱가포르,아시아,135443
621,2022-06,인도네시아,아시아,57250
622,2022-06,일본,아시아,718019
623,2022-06,중국,아시아,1704
624,2022-06,태국,아시아,170448
625,2022-06,터키,유럽,81433
626,2022-06,필리핀,아시아,6137
627,2022-07,대만,아시아,65201
628,2022-07,몽골,아시아,46012
629,2022-07,미국,오세아니아,122190
630,2022-07,베트남,아시아,225439
631,2022-07,싱가포르,아시아,132982
632,2022-07,인도네시아,아시아,43507
633,2022-07,일본,아시아,478286
634,2022-07,태국,아시아,228771
635,2022-07,터키,유럽,48207
636,2022-08,대만,아시아,41155
637,2022-08,몽골,아시아,31452
638,2022-08,미국,아메리카,6692
639,2022-08,미국,오세아니아,106543
640,2022-08,베트남,아시아,193444
641,2022-08,스위스,유럽,101012
642,2022-08,스페인,유럽,2429
643,2022-08,싱가포르,아시아,122172
644,2022-08,인도,아시아,5748
645,2022-08,인도네시아,아시아,61323
646,2022-08,일본,아시아,469643
647,2022-08,태국,아시아,239934
648,2022-08,터키,유럽,12956
649,2022-08,필리핀,아시아,2298
650,2022-09,대만,아시아,109053
651,2022-09,몽골,아시아,7114
652,2022-09,미국,아메리카,7448
653,2022-09,미국,오세아니아,102335
654,2022-09,베트남,아시아,118824
655,2022-09,스위스,유럽,29812
656,2022-09,싱가포르,아시아,121699
657,2022-09,이탈리아,유럽,2491
658,2022-09,인도네시아,아시아,15289
659,2022-09,일본,아시아,1124423
660,2022-09,태국,아시아,186828
661,2022-09,터키,유럽,24116
662,2022-10,대만,아시아,149171
663,2022-10,미국,오세아니아,105923
664,2022-10,베트남,아시아,138956
665,2022-10,싱가포르,아시아,130395
666,2022-10,인도네시아,아시아,1845
667,2022-10,일본,아시아,1063254
668,2022-10,캄보디아,아시아,2523
669,2022-10,태국,아시아,171741
670,2022-10,터키,유럽,2510
671,2022-10,필리핀,아시아,19774
672,2022-11,대만,아시아,158322
673,2022-11,라오스,아시아,3516
674,2022-11,모로코,아프리카,3211
675,2022-11,미국,오세아니아,36716
676,2022-11,베트남,아시아,132493
677,2022-11,싱가포르,아시아,128656
678,2022-11,일본,아시아,1174855
679,2022-11,중국,아시아,3731
680,2022-11,태국,아시아,131223
681,2022-11,터키,유럽,8323
682,2022-11,필리핀,아시아,37273
683,2022-12,대만,아시아,195203
684,2022-12,모로코,아프리카,4686
685,2022-12,미국,오세아니아,3087
686,2022-12,베트남,아시아,241903
687,2022-12,스위스,유럽,4621
688,2022-12,싱가포르,아시아,147980
689,2022-12,인도네시아,아시아,20255
690,2022-12,일본,아시아,1367207
691,2022-12,카타르,아시아,2751
692,2022-12,태국,아시아,147923
693,2022-12,필리핀,아시아,55773
694,2023-01,대만,아시아,257178
695,2023-01,말레이시아,아시아,4323
696,2023-01,미국,오세아니아,28881
697,2023-01,베트남,아시아,273637
698,2023-01,싱가포르,아시아,231783
699,2023-01,아랍에미리트,아시아,26537
700,2023-01,인도네시아,아시아,44028
701,2023-01,일본,아시아,1328183
702,2023-01,중국,아시아,3671
703,2023-01,태국,아시아,233753
704,2023-01,터키,유럽,3397
705,2023-01,필리핀,아시아,62763
706,2023-02,대만,아시아,233070
707,2023-02,몰타,유럽,4882
708,2023-02,미국,오세아니아,17002
709,2023-02,베트남,아시아,170956
710,2023-02,싱가포르,아시아,173211
711,2023-02,인도네시아,아시아,102837
712,2023-02,일본,아시아,869132
713,2023-02,중국,아시아,44604
714,2023-02,태국,아시아,134290
715,2023-02,터키,유럽,22245
716,2023-02,필리핀,아시아,60418
717,2023-03,그리스,유럽,15
718,2023-03,대만,아시아,216636
719,2023-03,라오스,아시아,28517
720,2023-03,미국,오세아니아,15123
721,2023-03,베트남,아시아,179026
722,2023-03,스페인,유럽,68722
723,2023-03,싱가포르,아시아,148425
724,2023-03,요르단,아시아,27
725,2023-03,인도네시아,아시아,42664
726,2023-03,일본,아시아,711193
727,2023-03,중국,아시아,25683
728,2023-03,태국,아시아,116671
729,2023-03,필리핀,아시아,103925
730,2023-04,대만,아시아,218997
731,2023-04,라오스,아시아,4915
732,2023-04,미국,아메리카,7667
733,2023-04,미국,오세아니아,48190
734,2023-04,베트남,아시아,177227
735,2023-04,스페인,유럽,3907
736,2023-04,싱가포르,아시아,146088
737,2023-04,인도네시아,아시아,7742
738,2023-04,일본,아시아,812005
739,2023-04,중국,아시아,17679
740,2023-04,태국,아시아,135395
741,2023-04,필리핀,아시아,103042
742,2023-05,대만,아시아,203596
743,2023-05,몽골,아시아,140977
744,2023-05,미국,아메리카,3694
745,2023-05,미국,오세아니아,26703
746,2023-05,베트남,아시아,163845
747,2023-05,싱가포르,아시아,155476
748,2023-05,아랍에미리트,아시아,5607
749,2023-05,인도네시아,아시아,3669
750,2023-05,일본,아시아,820496
751,2023-05,중국,아시아,66165
752,2023-05,태국,아시아,103389
753,2023-05,필리핀,아시아,124236
754,2023-06,대만,아시아,191459
755,2023-06,몽골,아시아,22329
756,2023-06,베트남,아시아,174420
757,2023-06,싱가포르,아시아,152327
758,2023-06,인도네시아,아시아,92979
759,2023-06,일본,아시아,880125
760,2023-06,조지아,유럽,5910
761,2023-06,중국,아시아,23110
762,2023-06,캄보디아,아시아,6154
763,2023-06,태국,아시아,90883
764,2023-06,필리핀,아시아,128997
765,2023-07,대만,아시아,205778
766,2023-07,말레이시아,아시아,3958
767,2023-07,몽골,아시아,14522
768,2023-07,베트남,아시아,171265
769,2023-07,싱가포르,아시아,144341
770,2023-07,인도네시아,아시아,84647
771,2023-07,일본,아시아,867580
772,2023-07,중국,아시아,4195
773,2023-07,태국,아시아,162690
774,2023-07,필리핀,아시아,111435
775,2023-08,대만,아시아,213385
776,2023-08,몰타,유럽,3872
777,2023-08,몽골,아시아,66479
778,2023-08,베트남,아시아,155470
779,2023-08,싱가포르,아시아,137997
780,2023-08,인도네시아,아시아,44398
781,2023-08,일본,아시아,768187
782,2023-08,중국,아시아,32445
783,2023-08,태국,아시아,116375
784,2023-08,필리핀,아시아,101041
785,2023-09,대만,아시아,195163
786,2023-09,몽골,아시아,14885
787,2023-09,베트남,아시아,126855
788,2023-09,싱가포르,아시아,106774
789,2023-09,일본,아시아,625157
790,2023-09,조지아,유럽,3506
791,2023-09,중국,아시아,107671
792,2023-09,태국,아시아,91906
793,2023-09,필리핀,아시아,38845
794,2023-10,대만,아시아,224875
795,2023-10,라오스,아시아,4817
796,2023-10,베트남,아시아,151270
797,2023-10,싱가포르,아시아,119267
798,2023-10,이스라엘,아시아,7535
799,2023-10,일본,아시아,795454
800,2023-10,중국,아시아,109352
801,2023-10,태국,아시아,81227
802,2023-10,필리핀,아시아,6140
803,2023-11,대만,아시아,226815
804,2023-11,라오스,아시아,7636
805,2023-11,베트남,아시아,154563
806,2023-11,싱가포르,아시아,115748
807,2023-11,이집트,아프리카,54390
808,2023-11,일본,아시아,982264
809,2023-11,중국,아시아,121715
810,2023-11,태국,아시아,50955
811,2023-11,필리핀,아시아,18317
812,2023-12,대만,아시아,310331
813,2023-12,베트남,아시아,173256
814,2023-12,싱가포르,아시아,124581
815,2023-12,인도네시아,아시아,7268
816,2023-12,일본,아시아,919602
817,2023-12,중국,아시아,148330
818,2023-12,태국,아시아,110407
819,2023-12,필리핀,아시아,54134
820,2024-01,대만,아시아,620718
821,2024-01,라오스,아시아,45816
822,2024-01,말레이시아,아시아,9819
823,2024-01,미국,오세아니아,18342
824,2024-01,베트남,아시아,381259
825,2024-01,싱가포르,아시아,314830
826,2024-01,요르단,아시아,6829
827,2024-01,일본,아시아,1756472
828,2024-01,조지아,유럽,4786
829,2024-01,중국,아시아,369559
830,2024-01,태국,아시아,252900
831,2024-01,필리핀,아시아,173834
832,2024-02,대만,아시아,435235
833,2024-02,몽골,아시아,16924
834,2024-02,베트남,아시아,287499
835,2024-02,싱가포르,아시아,245283
836,2024-02,인도네시아,아시아,27422
837,2024-02,일본,아시아,1356118
838,2024-02,중국,아시아,233133
839,2024-02,쿠바,아메리카,7701
840,2024-02,태국,아시아,214678
841,2024-02,필리핀,아시아,147397
842,2024-03,대만,아시아,419381
843,2024-03,베트남,아시아,295017
844,2024-03,싱가포르,아시아,388575
845,2024-03,인도네시아,아시아,57966
846,2024-03,일본,아시아,1287719
847,2024-03,중국,아시아,227516
848,2024-03,태국,아시아,219682
849,2024-03,필리핀,아시아,165270
850,2024-04,대만,아시아,366159
851,2024-04,말레이시아,아시아,3471
852,2024-04,몽골,아시아,119629
853,2024-04,베트남,아시아,257366
854,2024-04,싱가포르,아시아,232217
855,2024-04,인도네시아,아시아,54901
856,2024-04,일본,아시아,1177226
857,2024-04,중국,아시아,200030
858,2024-04,태국,아시아,167656
859,2024-04,포르투갈,유럽,19558
860,2024-04,필리핀,아시아,25389
861,2024-05,대만,아시아,319967
862,2024-05,몽골,아시아,226771
863,2024-05,베트남,아시아,276771
864,2024-05,싱가포르,아시아,271239
865,2024-05,인도네시아,아시아,163230
866,2024-05,일본,아시아,1476841
867,2024-05,중국,아시아,77175
868,2024-05,태국,아시아,61473
869,2024-05,포르투갈,유럽,9554
870,2024-05,필리핀,아시아,86010
871,2024-06,대만,아시아,294940
872,2024-06,몽골,아시아,267110
873,2024-06,베트남,아시아,266807
874,2024-06,싱가포르,아시아,275056
875,2024-06,인도네시아,아시아,176126
876,2024-06,일본,아시아,1364176
877,2024-06,중국,아시아,79752
878,2024-06,태국,아시아,38138
879,2024-06,필리핀,아시아,93050
880,2024-07,대만,아시아,351989
881,2024-07,라오스,아시아,8738
882,2024-07,몽골,아시아,272881
883,2024-07,베트남,아시아,324655
884,2024-07,싱가포르,아시아,276774
885,2024-07,인도네시아,아시아,199721
886,2024-07,일본,아시아,1579953
887,2024-07,조지아,유럽,9290
888,2024-07,중국,아시아,182258
889,2024-07,태국,아시아,24841
890,2024-07,필리핀,아시아,16418
891,2024-08,대만,아시아,406895
892,2024-08,몽골,아시아,248117
893,2024-08,베트남,아시아,303266
894,2024-08,싱가포르,아시아,268397
895,2024-08,인도네시아,아시아,102083
896,2024-08,일본,아시아,1367312
897,2024-08,중국,아시아,236192
898,2024-08,태국,아시아,135353
899,2024-08,필리핀,아시아,18579
900,2024-09,대만,아시아,401497
901,2024-09,몽골,아시아,91358
902,2024-09,베트남,아시아,277867
903,2024-09,싱가포르,아시아,210103
904,2024-09,인도네시아,아시아,77156
905,2024-09,일본,아시아,1153406
906,2024-09,중국,아시아,260628
907,2024-09,태국,아시아,200614
908,2024-10,대만,아시아,486287
909,2024-10,베트남,아시아,262285
910,2024-10,싱가포르,아시아,210259
911,2024-10,이탈리아,유럽,19551
912,2024-10,인도네시아,아시아,132726
913,2024-10,일본,아시아,1541874
914,2024-10,중국,아시아,299110
915,2024-10,태국,아시아,31510
916,2024-11,대만,아시아,299853
917,2024-11,베트남,아시아,177795
918,2024-11,싱가포르,아시아,121262
919,2024-11,이탈리아,유럽,5708
920,2024-11,인도네시아,아시아,37022
921,2024-11,일본,아시아,967703
922,2024-11,중국,아시아,215453
923,2024-11,태국,아시아,24087
924,2024-12,대만,아시아,330340
925,2024-12,말레이시아,아시아,3608
926,2024-12,미국,오세아니아,1298
927,2024-12,베트남,아시아,239936
928,2024-12,싱가포르,아시아,141286
929,2024-12,인도네시아,아시아,11635
930,2024-12,일본,아시아,1090791
931,2024-12,중국,아시아,224111
932,2024-12,태국,아시아,148496
933,2024-12,프랑스,유럽,57
934,2024-12,필리핀,아시아,1711
935,2025-01,네팔,아시아,0
936,2025-01,대만,아시아,203313
937,2025-01,미국,아메리카,0
938,2025-01,미국,오세아니아,0
939,2025-01,베트남,아시아,138505
940,2025-01,싱가포르,아시아,112100
941,2025-01,인도,아시아,0
942,2025-01,인도네시아,아시아,72125
943,2025-01,일본,아시아,660452
944,2025-01,중국,아시아,164907
945,2025-01,태국,아시아,65906
946,2025-01,프랑스,유럽,0
947,2025-02,대만,아시아,80868
948,2025-02,베트남,아시아,49088
949,2025-02,싱가포르,아시아,43458
950,2025-02,이집트,아프리카,3024
951,2025-02,인도네시아,아시아,31679
952,2025-02,일본,아시아,224782
953,2025-02,중국,아시아,52809
954,2025-02,태국,아시아,24522
955,2025-02,호주,오세아니아,2710
